los_category,died_count,survived_count,total_patients,survival_rate,mortality_rate
0-4 days,871,1795,2666,67.32933233,32.67066767
5-9 days,567,2828,3395,83.29896907,16.70103093
10-14 days,357,1539,1896,81.17088608,18.82911392
15+ days,742,2723,3465,78.58585859,21.41414141
