age_group,avg_los,mean_los,max_los,patient_count
0,11,11.63328558,27,4
10,11.0625,8.629165661,27,16
20,15.17808219,18.46022936,117,219
30,14.02770781,15.52065219,112,397
40,15.92783505,17.36825534,153,970
50,15.22575342,16.7223028,169,1825
60,14.58864326,15.54595658,294,2307
70,12.89110429,12.35246767,112,2608
80,11.08691756,10.68104757,191,2232
300,8.214932127,7.438777139,65,884
310,6.2,4.324349662,12,5
